"","Library_System","Library_Branch","Latitude","Longitude"
"1","Saskatoon Public Library","Frances Morrison Central Library","52.129665","-106.660295"
"2","Saskatoon Public Library","Alice Turner Branch","52.146826","-106.581732"
"3","Saskatoon Public Library","Carlyle King Branch","52.134737","-106.722044"
"4","Saskatoon Public Library","Cliff Wright Branch","52.104614","-106.585875"
"5","Saskatoon Public Library","Dr. Freda Ahenakew Branch","52.126885","-106.686365"
"6","Saskatoon Public Library","J.S. Wood Branch","52.108108","-106.650752"
"7","Saskatoon Public Library","Local History","52.12969","-106.660487"
"8","Saskatoon Public Library","Mayfair Branch","52.144056","-106.67797"
"9","Saskatoon Public Library","Round Prairie Branch","52.085203","-106.620862"
"10","Saskatoon Public Library","Rusty Macdonald Branch","52.16833","-106.634271"
"11","Saskatoon Public Library","The Gallery","52.126145","-106.662755"
"12","New Brunswick Public Library","Campbellton Centennial Library","48.004267","-66.676087"
"13","New Brunswick Public Library","Mgr. W.J. Conway Public Library","47.363385","-68.317435"
"14","New Brunswick Public Library","Fredericton Public Library","45.962675","-66.639859"
"15","New Brunswick Public Library","Moncton Public Library","46.088928","-64.774907"
"16","New Brunswick Public Library","Saint John Free Public Library, Central Branch","45.273075","-66.065246"
"17","New Brunswick Public Library","Raymond Lagace Public Library","47.987604","-66.725152"
"18","New Brunswick Public Library","Claude LeBouthillier Public Library","47.801302","-64.834146"
"19","New Brunswick Public Library","Bathurst Public Library","47.618855","-65.654689"
"20","New Brunswick Public Library","Mgr. Robichaud Public Library","47.700951","-65.703329"
"21","New Brunswick Public Library","Gerald Leblanc Public Library","46.47038","-64.723367"
"22","New Brunswick Public Library","Campobello Public Library","44.8901","-66.957235"
"23","New Brunswick Public Library","Cap-Pele Public Library","46.215726","-64.272177"
"24","New Brunswick Public Library","Mgr. Paquet Public Library","47.789362","-64.963105"
"25","New Brunswick Public Library","Chipman Public Library","46.174539","-65.881517"
"26","New Brunswick Public Library","Dalhousie Centennial Library","48.065478","-66.376243"
"27","New Brunswick Public Library","Dieppe Public Library","46.094883","-64.749152"
"28","New Brunswick Public Library","Doaktown Community-School Library","46.556448","-66.12546"
"29","New Brunswick Public Library","Dorchester Public Library","45.899115","-64.517097"
"30","New Brunswick Public Library","Andrew and Laura McCain Public Library","46.439464","-67.618864"
"31","New Brunswick Public Library","Dre. Marguerite Michard Library","45.942042","-66.652773"
"32","New Brunswick Public Library","Fredericton Public Library - Nashwaaksis","45.985257","-66.642983"
"33","New Brunswick Public Library","New Brunswick Library of Craft and Design","45.962001","-66.643425"
"34","New Brunswick Public Library","Grand Falls Public Library","47.044643","-67.742229"
"35","New Brunswick Public Library","Grand Manan Library","44.687558","-66.766027"
"36","New Brunswick Public Library","Dr. Walter Chestnut Public Library","46.298319","-67.528333"
"37","New Brunswick Public Library","Harvey Community Library","45.720136","-67.008455"
"38","New Brunswick Public Library","Hillsborough Public Library","45.922787","-64.64526"
"39","New Brunswick Public Library","Kedgwick Public Library","47.645857","-67.352142"
"40","New Brunswick Public Library","Lameque Public Library","47.794609","-64.647402"
"41","New Brunswick Public Library","McAdam Public Library","45.593763","-67.326877"
"42","New Brunswick Public Library","Memramcook Public Library","45.977053","-64.565501"
"43","New Brunswick Public Library","Minto Public Library","46.071578","-66.062291"
"44","New Brunswick Public Library","Chatham Public Library","47.031116","-65.466335"
"45","New Brunswick Public Library","Mediatheque Pere Louis Lamontagne","47.008664","-65.586974"
"46","New Brunswick Public Library","Newcastle Public Library","47.001778","-65.563695"
"47","New Brunswick Public Library","Nackawic Public-School Library","45.993041","-67.237802"
"48","New Brunswick Public Library","Upper Miramichi Community Library","46.496449","-66.292617"
"49","New Brunswick Public Library","Fay Tidd Public Library","45.843201","-66.480492"
"50","New Brunswick Public Library","Perth-Andover Public Library","46.735908","-67.703376"
"51","New Brunswick Public Library","Petitcodiac Public Library","45.932427","-65.175978"
"52","New Brunswick Public Library","Petit-Rocher Public Library","47.773947","-65.716644"
"53","New Brunswick Public Library","Plaster Rock Public-School Library","46.913274","-67.391816"
"54","New Brunswick Public Library","Kennebecasis Public Library","45.407594","-65.966684"
"55","New Brunswick Public Library","Richibucto Public Library","46.681373","-64.863227"
"56","New Brunswick Public Library","Riverview Public Library","46.0616","-64.804617"
"57","New Brunswick Public Library","Rogersville Public Library","46.731187","-65.423606"
"58","New Brunswick Public Library","Sackville Public Library","45.896297","-64.369753"
"59","New Brunswick Public Library","Le Cormoran Library","45.294056","-66.116092"
"60","New Brunswick Public Library","Saint John Free Public Library, East Branch","45.272922","-66.064791"
"61","New Brunswick Public Library","Saint John Free Public Library, West Branch","45.253807","-66.092265"
"62","New Brunswick Public Library","Omer-Leger Public Library","46.363753","-64.754838"
"63","New Brunswick Public Library","Mgr. Plourde Public Library","47.242456","-68.703825"
"64","New Brunswick Public Library","Dr. Lorne J. Violette Public Library","47.164186","-67.923731"
"65","New Brunswick Public Library","La Moisson Public Library","47.511636","-67.392011"
"66","New Brunswick Public Library","Salisbury Public Library","46.0254","-65.049046"
"67","New Brunswick Public Library","Shediac Public Library","46.219467","-64.549311"
"68","New Brunswick Public Library","Laval Goupil Public Library","47.745496","-64.724777"
"69","New Brunswick Public Library","Ross Memorial Library","45.076058","-67.051292"
"70","New Brunswick Public Library","St. Croix Public Lirbary","45.193084","-67.275596"
"71","New Brunswick Public Library","Stanley Community Library","46.281816","-66.738399"
"72","New Brunswick Public Library","Sussex Regional Library","45.721068","-65.505266"
"73","New Brunswick Public Library","Pere Zoel Saulnier Public Library","47.512271","-64.909073"
"74","New Brunswick Public Library","L.P. Fisher Public Library","46.151244","-67.573138"
"75","London Public Library","Beacock","43.019286","-81.218812"
"76","London Public Library","Bostwick","42.938314","-81.28821"
"77","London Public Library","Byron","42.960497","-81.334526"
"78","London Public Library","Carson","42.994484","-81.22019"
"79","London Public Library","Central","42.984592","-81.246344"
"80","London Public Library","Cherryhill","42.990514","-81.27426"
"81","London Public Library","Crouch","42.980786","-81.215091"
"82","London Public Library","East London","43.00751","-81.168351"
"83","London Public Library","Glanworth","42.86686","-81.195291"
"84","London Public Library","Jalna","42.931793","-81.228597"
"85","London Public Library","Lambeth","42.910304","-81.30462"
"86","London Public Library","Landon","42.97213","-81.253204"
"87","London Public Library","Masonville","43.02543","-81.275301"
"88","London Public Library","Pond Mills","42.962636","-81.196771"
"89","London Public Library","Sherwood","43.004436","-81.306023"
"90","London Public Library","Stoney Creek","43.047947","-81.25766"
"91","Waterloo Public Library","Waterloo Main Library","43.4659778318009","-80.5244973699961"
"92","Waterloo Public Library","Mccormick Branch Library","43.4890942021364","-80.5446594579902"
"93","Waterloo Public Library","John M. Harper Branch Library","43.4741948794315","-80.570788114837"
"94","Winnipeg Public Library","Charleswood Library","49.8577406443484"," -97.2852002292355"
"95","Winnipeg Public Library","Cornish Library","49.878363095432"," -97.1599419874116"
"96","Winnipeg Public Library","Fort Garry Library","49.8395393660551"," -97.151387646357"
"97","Winnipeg Public Library","Harvey Smith (West End) Library","49.8976383983215"," -97.1800734549503"
"98","Winnipeg Public Library","Henderson Library","49.9366855026302"," -97.0959260392081"
"99","Winnipeg Public Library","Louis Riel Library","49.8199465030097"," -97.0996042445363"
"100","Winnipeg Public Library","Millennium Library","49.8918237857072"," -97.141876149768"
"101","Winnipeg Public Library","Munroe Library","49.9106558605433"," -97.0819703214326"
"102","Winnipeg Public Library","Osborne Library","49.8633897776926"," -97.1345260496663"
"103","Winnipeg Public Library","Pembina Trail Library","49.7937804013518"," -97.1566512788434"
"104","Winnipeg Public Library","River Heights Library","49.8631912260328"," -97.1890400829416"
"105","Winnipeg Public Library","Sir William Stephenson Library","49.9365214380412"," -97.1942145991283"
"106","Winnipeg Public Library","St. Boniface Library","49.891820618923"," -97.1247526230123"
"107","Winnipeg Public Library","St. James-Assiniboia Library","49.8779572358533"," -97.2216434062693"
"108","Winnipeg Public Library","St. John's Library","49.9255724918017"," -97.1332014748888"
"109","Winnipeg Public Library","St. Vital Library","49.8518147397205"," -97.1134644095468"
"110","Winnipeg Public Library","Transcona Library","49.8961169400684"," -97.0035398344531"
"111","Winnipeg Public Library","West Kildonan Library","49.936693679287"," -97.1278577184293"
"112","Winnipeg Public Library","Westwood Library","49.8782116604993"," -97.3032163120811"
"113","Winnipeg Public Library","Windsor Park Library","49.8614153744993"," -97.0881431357648"
"114","Windsor Public Library","W.F. Bill Chisholm Library","42.2925095599","-83.0045040425"
"115","Windsor Public Library","Fontainbleau Library","42.2952427907","-82.9532323131"
"116","Windsor Public Library","Central Resource Library","42.3112618392","-83.0343055961"
"117","Windsor Public Library","Sandwich Library","42.2996513605","-83.0778887426"
"118","Windsor Public Library","Forest Glade - Optimist Library","42.3030596248","-82.9158426857"
"119","Windsor Public Library","Riverside Resource Library","42.3297862882","-82.9608985479"
"120","Windsor Public Library","Nikola Budimir Memorial Resource Library","42.2682884862","-83.02671176"
"121","Windsor Public Library","Seminole Community Library","42.3169644631","-82.9792961399"
"122","Windsor Public Library","Windsor Community Museum","42.3185063109","-83.0424290807"
"123","Windsor Public Library","Bridgeview Library","42.2969836037","-83.0501156585"
"124","Kitchener Public Library","Forest Heights Community Library","43.426261935851","-80.5232988196888"
"125","Kitchener Public Library","Kitchener Main Library","43.4527111339894","-80.4863132023577"
"126","Kitchener Public Library","Pioneer Park Community Library","43.3940823077505","-80.4373841599183"
"127","Kitchener Public Library","Grand River Stanley Park Community Library","43.4575037121864","-80.4370516897173"
"128","Kitchener Public Library","Country Hills Community Library","43.4202114831239","-80.4668967894256"
"129","Cambridge Libraries","Hespeler Library","43.4312087433572","-80.3095451076149"
"130","Cambridge Libraries","Queen'S Square Library","43.3594640365196","-80.3180140492401"
"131","Cambridge Libraries","Preston Library","43.3978380139377","-80.3615084209427"
"132","Cambridge Libraries","Clemens Mill Library","43.3927258770655","-80.3003437530196"
"133","Cambridge Libraries","Old Post Office Library","43.358338","-80.315516"
"134","Cambridge Libraries","D
                              esign at Riverside","43.358486","-80.31674"
"135","Toronto Public Library","Agincourt","43.7851666666666","-79.2934296296296"
"136","Toronto Public Library","Albert Campbell","43.7080185185185","-79.2692518518518"
"137","Toronto Public Library","Albion","43.7398259259259","-79.5840962962963"
"138","Toronto Public Library","Alderwood","43.6019444444444","-79.5472518518518"
"139","Toronto Public Library","Amesbury Park","43.7064555555555","-79.4857259259259"
"140","Toronto Public Library","Annette Street","43.6633592592592","-79.4663481481481"
"141","Toronto Public Library","Armour Heights","43.739337037037","-79.4218888888889"
"142","Toronto Public Library","Barbara Frum","43.7207518518519","-79.4322148148148"
"143","Toronto Public Library","Bayview","43.7688555555555","-79.385"
"144","Toronto Public Library","Beaches","43.6701296296296","-79.2985259259259"
"145","Toronto Public Library","Bendale","43.7510629629629","-79.2440518518519"
"146","Toronto Public Library","Black Creek","43.7212185185185","-79.5104666666667"
"147","Toronto Public Library","Bloor/Gladstone","43.6598777777778","-79.4340222222222"
"148","Toronto Public Library","Brentwood","43.6474481481481","-79.5142592592592"
"149","Toronto Public Library","Bridlewood","43.7971444444444","-79.3177703703704"
"150","Toronto Public Library","Brookbanks","43.7595074074074","-79.3259037037037"
"151","Toronto Public Library","Burrows Hall","43.7938851851852","-79.2342296296296"
"152","Toronto Public Library","Cedarbrae","43.7575296296296","-79.223962962963"
"153","Toronto Public Library","Centennial","43.7729888888889","-79.4495777777777"
"154","Toronto Public Library","City Hall","43.6533666666667","-79.3839925925926"
"155","Toronto Public Library","Cliffcrest","43.72517","-79.23077"
"156","Toronto Public Library","College/Shaw","43.6551592592592","-79.4201111111111"
"157","Toronto Public Library","Danforth/Coxwell","43.6835740740741","-79.3214"
"158","Toronto Public Library","Davenport","43.6745296296296","-79.4284518518518"
"159","Toronto Public Library","Dawes Road","43.7011740740741","-79.2973259259259"
"160","Toronto Public Library","Deer Park","43.6885814814815","-79.3924814814815"
"161","Toronto Public Library","Don Mills","43.7366407407407","-79.3473407407407"
"162","Toronto Public Library","Downsview","43.7288703703703","-79.4820518518518"
"163","Toronto Public Library","Dufferin/St. Clair","43.6769296296296","-79.4424074074074"
"164","Toronto Public Library","Eatonville","43.6461222222222","-79.5591629629629"
"165","Toronto Public Library","Eglinton Square","43.7236851851852","-79.3003333333333"
"166","Toronto Public Library","Elmbrook Park","43.6601222222222","-79.5838444444444"
"167","Toronto Public Library","Evelyn Gregory","43.6861888888889","-79.4723481481481"
"168","Toronto Public Library","Fairview","43.7790259259259","-79.3466444444444"
"169","Toronto Public Library","Flemingdon Park","43.7178111111111","-79.3317555555555"
"170","Toronto Public Library","Forest Hill","43.7023666666666","-79.4205703703704"
"171","Toronto Public Library","Fort York","43.6393204","-79.4003296"
"172","Toronto Public Library","Gerrard/Ashdale","43.6724629629629","-79.3221259259259"
"173","Toronto Public Library","Goldhawk Park","43.8239740740741","-79.2779925925926"
"174","Toronto Public Library","Guildwood","43.7466703703704","-79.1998888888889"
"175","Toronto Public Library","High Park","43.6452037037037","-79.4489851851852"
"176","Toronto Public Library","Highland Creek","43.7899592592593","-79.1752074074074"
"177","Toronto Public Library","Hillcrest","43.7970259259259","-79.3690444444444"
"178","Toronto Public Library","Humber Bay","43.6299592592592","-79.4911925925926"
"179","Toronto Public Library","Humber Summit","43.7589814814815","-79.5715185185185"
"180","Toronto Public Library","Humberwood","43.7289962962963","-79.619162962963"
"181","Toronto Public Library","Jane/Dundas","43.6654703703703","-79.4914148148148"
"182","Toronto Public Library","Jane/Sheppard","43.73988","-79.51005"
"183","Toronto Public Library","Jones","43.6659518518518","-79.3344962962963"
"184","Toronto Public Library","Kennedy/Eglinton","43.7321592592592","-79.2704962962963"
"185","Toronto Public Library","Leaside","43.7064925925926","-79.3675629629629"
"186","Toronto Public Library","Lillian H. Smith","43.6581","-79.3984"
"187","Toronto Public Library","Locke","43.7248777777778","-79.4018148148148"
"188","Toronto Public Library","Long Branch","43.5952629629629","-79.5315037037037"
"189","Toronto Public Library","Main Street","43.6833592592592","-79.2995777777778"
"190","Toronto Public Library","Malvern","43.8083148148148","-79.2160666666666"
"191","Toronto Public Library","Maria A. Shchuka","43.6961296296296","-79.4471925925926"
"192","Toronto Public Library","Maryvale","43.757262962963","-79.3117111111111"
"193","Toronto Public Library","McGregor Park","43.7477074074074","-79.2807185185185"
"194","Toronto Public Library","Mimico Centennial","43.6149074074074","-79.4939037037037"
"195","Toronto Public Library","Morningside","43.7698851851852","-79.1785407407408"
"196","Toronto Public Library","Mount Dennis","43.6865814814815","-79.4882592592593"
"197","Toronto Public Library","Mount Pleasant","43.7039","-79.3881259259259"
"198","Toronto Public Library","New Toronto","43.5990851851852","-79.5097407407407"
"199","Toronto Public Library","North York Central Library","43.76807778","-79.41424444"
"200","Toronto Public Library","Northern District","43.7082407407407","-79.3998740740741"
"201","Toronto Public Library","Northern Elms","43.7113296296296","-79.5655481481481"
"202","Toronto Public Library","Oakwood Village Library and Arts Centre","43.6865444444444","-79.4381111111111"
"203","Toronto Public Library","Palmerston","43.6650925925926","-79.4140518518519"
"204","Toronto Public Library","Pape/Danforth","43.6785592592592","-79.3445703703704"
"205","Toronto Public Library","Parkdale","43.6411740740741","-79.4326592592593"
"206","Toronto Public Library","Parliament Street","43.6618037037037","-79.3678"
"207","Toronto Public Library","Perth/Dupont","43.6650333333333","-79.4538296296296"
"208","Toronto Public Library","Pleasant View","43.7875592592593","-79.3354296296296"
"209","Toronto Public Library","Port Union","43.7794777777778","-79.1402888888889"
"210","Toronto Public Library","Queen/Saulter","43.6591444444444","-79.3475925925926"
"211","Toronto Public Library","Rexdale","43.7261296296296","-79.5732074074074"
"212","Toronto Public Library","Richview","43.6834037037037","-79.5411185185185"
"213","Toronto Public Library","Riverdale","43.6657592592592","-79.353162962963"
"214","Toronto Public Library","Runnymede","43.6518555555555","-79.4738444444444"
"215","Toronto Public Library","Scarborough Civic Centre","43.772096","-79.256764"
"216","Toronto Public Library","S. Walter Stewart","43.6921148148148","-79.3296962962963"
"217","Toronto Public Library","Sanderson","43.6520851851852","-79.4055185185185"
"218","Toronto Public Library","Spadina Road","43.6671592592592","-79.4043777777778"
"219","Toronto Public Library","St. Clair/Silverthorn","43.674262962963","-79.4605851851852"
"220","Toronto Public Library","St. James Town","43.6672629629629","-79.3744666666667"
"221","Toronto Public Library","St. Lawrence","43.6499814814815","-79.3684962962963"
"222","Toronto Public Library","Steeles","43.8153814814815","-79.3223037037037"
"223","Toronto Public Library","Swansea Memorial","43.6479296296296","-79.4780222222222"
"224","Toronto Public Library","Taylor Memorial","43.6877814814815","-79.2712518518519"
"225","Toronto Public Library","Thorncliffe","43.7029074074074","-79.3426444444444"
"226","Toronto Public Library","Todmorden Room","43.6916259259259","-79.3493259259259"
"227","Toronto Public Library","Toronto Reference Library","43.671737037037","-79.386762962963"
"228","Toronto Public Library","Victoria Village","43.7360111111111","-79.3129111111111"
"229","Toronto Public Library","Weston","43.7017962962963","-79.5205851851852"
"230","Toronto Public Library","Woodside Square","43.809462962963","-79.2695481481481"
"231","Toronto Public Library","Woodview Park","43.7397222222222","-79.5389407407407"
"232","Toronto Public Library","Wychwood","43.6821814814815","-79.4175481481481"
"233","Toronto Public Library","York Woods","43.7588925925926","-79.5072666666667"
"234","Toronto Public Library","Yorkville","43.6718259259259","-79.3886444444445"
"235","St. Catharines Public Library","St. Catharines Public Library - Central Library","43.160331322308","-79.2459961817506"
"236","St. Catharines Public Library","St. Catharines Public Library - Port Dalhousie Branch","43.2008818702842","-79.2704242570413"
"237","St. Catharines Public Library","James A Gibson Library Brock University","43.1198321374218","-79.2489494250753"
"238","St. Catharines Public Library","St. Catharines Public Library - Merritt Branch","43.1481949174469","-79.2155990020462"
"239","St. Catharines Public Library","St. Catharines Public Library - Dr. Huq Family Library Branch","43.1808900399529","-79.225381255308"
"240","Halifax Public Libraries","Alderney Gate Public Library","44.664663","-63.56928"
"241","Halifax Public Libraries","Bedford Public Library","44.729392","-63.655615"
"242","Halifax Public Libraries","Captain William Spry Public Library","44.609366","-63.618435"
"243","Halifax Public Libraries","Central Library","44.642753","-63.575587"
"244","Halifax Public Libraries","Cole Harbour Public Library","44.683575","-63.490151"
"245","Halifax Public Libraries","Dartmouth North Public Library","44.684011","-63.58882"
"246","Halifax Public Libraries","Halifax North Memorial Public Library","44.654032","-63.585723"
"247","Halifax Public Libraries","J.D. Shatford Memorial Public Library","44.638887","-64.061568"
"248","Halifax Public Libraries","Keshen Goodman Public Library","44.658873","-63.667038"
"249","Halifax Public Libraries","Sackville Public Library","44.768777","-63.688151"
"250","Halifax Public Libraries","Sheet Harbour Public Library","44.917572","-62.527166"
"251","Halifax Public Libraries","Musquodoboit Harbour Public Library","44.786439","-63.148682"
"252","Halifax Public Libraries","Tantallon Public Library","44.70329","-63.857959"
"253","Halifax Public Libraries","Woodlawn Public Library","44.66837","-63.521436"
"254","Markham Public Library","Aaniin Branch","43.852185","-79.266228"
"255","Markham Public Library","Angus Glen Branch","43.894467","-79.336159"
"256","Markham Public Library","Cornell Branch","43.884316","-79.229445"
"257","Markham Public Library","Markham Village Branch","43.873789","-79.258247"
"258","Markham Public Library","Milliken Mills Branch","43.839896","-79.305247"
"259","Markham Public Library","Thornhill Community Centre Branch","43.819445","-79.400131"
"260","Markham Public Library","Thornhill Village Branch","43.81574","-79.423521"
"261","Markham Public Library","Unionville Branch","43.869637","-79.310375"
"262","Richmond Hill Public Library","Central Library","43.870489","-79.438872"
"263","Richmond Hill Public Library","Oak Ridges Moraine Library","43.948249","-79.454443"
"264","Richmond Hill Public Library","Richmond Green Library","43.902868","-79.397325"
"265","Richmond Hill Public Library","Richvale Library","43.844986","-79.438664"
"266","Thunder Bay Public Library","Brodie Resource Library","48.381636","-89.246301"
"267","Thunder Bay Public Library","County Park Branch","48.453054","-89.254156"
"268","Thunder Bay Public Library","Mary J. L. Black Branch","48.371557","-89.279403"
"269","Thunder Bay Public Library","Waverley Resource Library","48.436259","-89.223598"
"270","Regina Public Library","Albert","50.459442","-104.629742"
"271","Regina Public Library","Central and Children","50.448568","-104.614458"
"272","Regina Public Library","Connaught","50.445328","-104.630761"
"273","Regina Public Library","George Bothwell","50.402366","-104.622476"
"274","Regina Public Library","Glen Elm","50.454921","-104.560272"
"275","Regina Public Library","Prince of Wales","50.443445","-104.586716"
"276","Regina Public Library","Regent Place","50.473318","-104.616939"
"277","Regina Public Library","Sherwood Village","50.495119","-104.668955"
"278","Regina Public Library","Sunrise","50.429426","-104.535788"
"279","Wood Buffalo Regional Library","Wood Buffalo Regional Library","56.737996","-111.384224"
"280","Vaughan Public Libraries","Wood Buffalo Regional Library","43.795864","-79.563549"
"281","Vaughan Public Libraries","Bathurst Clark Resource Library","43.803254","-79.452454"
"282","Vaughan Public Libraries","Civic Centre Resource Library","43.855436","-79.51054"
"283","Vaughan Public Libraries","Dufferin Clark Library","43.796702","-79.471627"
"284","Vaughan Public Libraries","Kleingburg Library","43.840423","-79.624363"
"285","Vaughan Public Libraries","Maple Library","43.858977","-79.514455"
"286","Vaughan Public Libraries","Pierre Berton Resource Library","43.817591","-79.595979"
"287","Vaughan Public Libraries","Pleasant Ridge Library","43.833183","-79.476361"
"288","Vaughan Public Libraries","Vellore Village Library","43.83631","-79.559799"
"289","Vaughan Public Libraries","Woodbridge Library","43.784884","-79.593488"
"290","Red Deer Public Library","Downtown Branch","52.268286","-113.810159"
"291","Red Deer Public Library","Dawe Branch","52.286766","-113.833691"
"292","Red Deer Public Library","Timberlands Branch","52.283158","-113.756836"
"293","Milton Public Library","Downtown Branch","43.528428","-79.865832"
"294","Milton Public Library","Beaty Branch","43.519188","-79.830408"
"295","Burnaby Public Library","Bob Prittie Metrotown Branch","49.228683","-123.006456"
"296","Burnaby Public Library","Cameron","49.253462","-122.899745"
"297","Burnaby Public Library","Tommy Douglas Branch","49.281898","-123.000644"
"298","Burnaby Public Library","McGill","49.218365","-122.953688"
"299","Coquitlam Public Library","Poirier Branch","49.253185","-122.846541"
"300","Coquitlam Public Library","City Centre Branch","49.284268","-122.79557"
"301","Coquitlam Public Library","Library Link","49.284268","-122.79555"
"302","Barrie Public Library","Downtown Branch","44.391923","-79.688384"
"303","Barrie Public Library","Painswick Branch","44.354354","-79.647471"
"304","Calgary Public Library","W.R. Castell Central Library","51.0470276","-114.0578995"
"305","Calgary Public Library","Alexander Calhoun Library","51.0255318","-114.0947876"
"306","Calgary Public Library","Bowness Library","51.0872841","-114.1830978"
"307","Calgary Public Library","Fish Creek Library","50.9516296","-114.0603409"
"308","Calgary Public Library","Forest Lawn Library","51.045105","-113.9652023"
"309","Calgary Public Library","Glenmore Square Library","50.9835968","-114.0141449"
"310","Calgary Public Library","Louise Riley Library","51.0652428","-114.1038132"
"311","Calgary Public Library","Memorial Park Library","51.0412674","-114.0683823"
"312","Calgary Public Library","Nose Hill Library","51.0960922","-114.1391296"
"313","Calgary Public Library","Shawnessy Library","50.8986015","-114.062851"
"314","Calgary Public Library","Signal Hill Library","51.0181122","-114.1756439"
"315","Calgary Public Library","Southwood Library","50.963623","-114.0860367"
"316","Calgary Public Library","Judith Umbach Library","51.1121979","-114.0633087"
"317","Calgary Public Library","Village Square Library","51.0753708","-113.9525833"
"318","Calgary Public Library","Crowfoot Library","51.1295815","-114.1926956"
"319","Calgary Public Library","Country Hills Library","51.159462","-114.0675659"
"320","Calgary Public Library","Saddletowne Library","51.1196709","-113.9485092"
"321","Calgary Public Library","Westbrook Library","51.0404778","-114.138237"
"322","Edmonton Public Library","Woodcroft (Westmount)","53.5637555","-113.5538643"
"323","Edmonton Public Library","Riverbend","53.4683942","-113.5837689"
"324","Edmonton Public Library","Enterprise Square (Downtown)","53.541194","-113.496835"
"325","Edmonton Public Library","Jasper Place","53.5232259","-113.5903997"
"326","Edmonton Public Library","Lois Hole (Callingwood)","53.5037705","-113.6260742"
"327","Edmonton Public Library","Highlands","53.57058","-113.44505"
"328","Edmonton Public Library","Meadows","53.457502","-113.370389"
"329","Edmonton Public Library","Abbottsfield - Penny McKee","53.5704509","-113.3915179"
"330","Edmonton Public Library","Sprucewood","53.5666547","-113.4871741"
"331","Edmonton Public Library","Strathcona","53.5194554","-113.4974797"
"332","Edmonton Public Library","West Henday Promenade (Lewis Estates)","53.52349","-113.667354"
"333","Edmonton Public Library","Castle Downs","53.6157356","-113.5166333"
"334","Edmonton Public Library","Clareview","53.601302","-113.401769"
"335","Edmonton Public Library","Londonderry","53.603432","-113.445778"
"336","Edmonton Public Library","Capilano","53.5378963","-113.4199269"
"337","Edmonton Public Library","McConachie","53.62794","-113.411279"
"338","Edmonton Public Library","Idylwylde (Bonnie Doon)","53.5235044","-113.4593749"
"339","Edmonton Public Library","Whitemud Crossing","53.4794861","-113.5041223"
"340","Edmonton Public Library","Heritage Valley","53.40748","-113.537569"
"341","Edmonton Public Library","Mill Woods","53.4554447","-113.4343797"
"342","Edmonton Public Library","Calder","53.590515","-113.542369"
"343","Bibliotheque Municipale de Gatineau","Bibliothèque Jean-Marie-Caron","45.524587","-75.488303"
"344","Bibliotheque Municipale de Gatineau","Bibliothèque Aurélien-Doucet","45.46025","-75.766829"
"345","Bibliotheque Municipale de Gatineau","Bibliothèque Bernard-Lonergan","45.590279","-75.411228"
"346","Bibliotheque Municipale de Gatineau","Bibliothèque Guy-Sanche (anciennement Bowater)","45.483931","-75.682175"
"347","Bibliotheque Municipale de Gatineau","Bibliothèque Docteur-Jean-Lorrain","45.48892","-75.60269"
"348","Bibliotheque Municipale de Gatineau","Bibliothèque Lucien-Lalonde","45.44249","-75.735437"
"349","Bibliotheque Municipale de Gatineau","Bibliothèque Lucy-Faris","45.395037","-75.844521"
"350","Bibliotheque Municipale de Gatineau","Bibliothèque de la Maison-du-Citoyen","45.428083","-75.710755"
"351","Bibliotheque Municipale de Gatineau","Bibliothèque Manise-Morin","45.544025","-75.415868"
"352","Bibliotheque Municipale de Gatineau","Bibliothèque de Riviera","45.470783","-75.724124"
"353","Guelph Public Library","West End","43.524409","-80.292392"
"354","Guelph Public Library","Scottsdale","43.514929","-80.237733"
"355","Guelph Public Library","Westminster Square","43.502687","-80.187831"
"356","Guelph Public Library","Main Library","43.545634","-80.252836"
"357","Guelph Public Library","Bullfrog Mall","43.561557","-80.249938"
"358","Guelph Public Library","East Side","43.566514","-80.212197"
"359","Hamilton Public Library","Ancaster Library","43.22530917","-79.97666063"
"360","Hamilton Public Library","Barton Library","43.2580317","-79.84121898"
"361","Hamilton Public Library","Binbrook Library","43.12170438","-79.80342947"
"362","Hamilton Public Library","Carlisle Library","43.39605339","-79.98108621"
"363","Hamilton Public Library","Concession Library","43.2410416","-79.85136825"
"364","Hamilton Public Library","Dundas Library","43.26548389","-79.95494871"
"365","Hamilton Public Library","Hamilton Central Library","43.25894156","-79.87069972"
"366","Hamilton Public Library","Kenilworth Library","43.24349824","-79.80884163"
"367","Hamilton Public Library","Locke Library","43.25182285","-79.88702204"
"368","Hamilton Public Library","Mount Hope Library","43.16057987","-79.9120622"
"369","Hamilton Public Library","Red Hill Library","43.23028211","-79.77194472"
"370","Hamilton Public Library","Saltfleet Library","43.22229245","-79.74507509"
"371","Hamilton Public Library","Sherwood Library","43.22656913","-79.82861769"
"372","Hamilton Public Library","Terryberry Library","43.23031428","-79.88674908"
"373","Hamilton Public Library","Valley Park Library","43.19309594","-79.79790001"
"374","Hamilton Public Library","Waterdown Library","43.3236294","-79.90479819"
"375","Hamilton Public Library","Westdale Library","43.26256862","-79.90347677"
"376","Hamilton Public Library","Stoney Creek Library","43.21286435","-79.6914053"
"377","Hamilton Public Library","Turner Park Library","43.19846705","-79.87862786"
"378","Hamilton Public Library","Lynden Library","43.23656021","-80.14659537"
"379","Hamilton Public Library","Freelton Library","43.39793341","-80.03876645"
"380","Hamilton Public Library","Greensville Library","43.27528027","-79.99612469"
"381","Kingston Frontenac Public Library","Central Branch","44.22958543","-76.48461525"
"382","Kingston Frontenac Public Library","Calvin Park Branch","44.23871649","-76.51773298"
"383","Kingston Frontenac Public Library","Pittsburgh Branch","44.25956452","-76.46130548"
"384","Kingston Frontenac Public Library","Isabel Turner Branch","44.25453519","-76.57167364"
"385","Kingston Frontenac Public Library","Arden Branch","44.720526","-76.923823"
"386","Kingston Frontenac Public Library","Hartington Branch","44.441034","-76.668948"
"387","Kingston Frontenac Public Library","Mountain Grove Branch","44.738925","-76.84442"
"388","Kingston Frontenac Public Library","Rideau Heights Branch","44.265194","-76.482801"
"389","Kingston Frontenac Public Library","Storrington Branch","44.384943","-76.424975"
"390","Kingston Frontenac Public Library","Wolfe Island Branch","44.192443","-76.441754"
"391","Kingston Frontenac Public Library","Cloyne Branch","44.818291","-77.18488"
"392","Kingston Frontenac Public Library","Howe Island Branch","44.258391","-76.319037"
"393","Kingston Frontenac Public Library","Parham Branch","44.65505","-76.734191"
"394","Kingston Frontenac Public Library","Plevna Branch","44.96353","-76.986093"
"395","Kingston Frontenac Public Library","Sharbot Lake Branch","44.772764","-76.689269"
"396","Kingston Frontenac Public Library","Sydenham Branch","44.411821","-76.594909"
"397","Bibliotheque Ville de Laval","Bibliotheque Emile-Nelligan","45.5521693","-73.70786895"
"398","Bibliotheque Ville de Laval","Bibliotheque Gabrielle-Roy","45.57767869","-73.81057226"
"399","Bibliotheque Ville de Laval","Bibliotheque Germaine-Guevremont","45.59097657","-73.66962923"
"400","Bibliotheque Ville de Laval","Bibliotheque Laure-Conan","45.6157597","-73.74072336"
"401","Bibliotheque Ville de Laval","Bibliotheque Marius-Barbeau","45.67759425","-73.58208868"
"402","Bibliotheque Ville de Laval","Bibliotheque Multiculturelle","45.55291699","-73.74721235"
"403","Bibliotheque Ville de Laval","Bibliotheque Philippe-Panneton","45.55251471","-73.86900361"
"404","Bibliotheque Ville de Laval","Bibliotheque Sylvain-Garneau","45.61538067","-73.78493513"
"405","Bibliotheque Ville de Laval","Bibliotheque Yves-Theriault","45.52854145","-73.82078586"
"406","Mississauga Library System","PORT CREDIT LIBRARY","43.55165677","-79.58644557"
"407","Mississauga Library System","CHURCHILL MEADOWS LIBRARY","43.55305869","-79.74674046"
"408","Mississauga Library System","MEADOWVALE COMMUNITY CENTRE LIBRARY","43.58594044","-79.75612285"
"409","Mississauga Library System","CENTRAL LIBRARY(CUSTOMER SERVICE CENTRE)","43.58756746","-79.6436233"
"410","Mississauga Library System","ERIN MEADOWS LIBRARY","43.55683561","-79.71736732"
"411","Mississauga Library System","COURTNEYPARK LIBRARY","43.62394926","-79.71060814"
"412","Mississauga Library System","MALTON LIBRARY","43.72339122","-79.63840501"
"413","Mississauga Library System","FRANK MCKECHNIE LIBRARY","43.61657219","-79.65345514"
"414","Mississauga Library System","CLARKSON LIBRARY","43.5114978","-79.65047423"
"415","Mississauga Library System","COOKSVILLE LIBRARY","43.5805276","-79.61768078"
"416","Mississauga Library System","MISSISSAUGA VALLEY LIBRARY","43.59702618","-79.62434172"
"417","Mississauga Library System","SHERIDAN LIBRARY","43.53055319","-79.65312591"
"418","Mississauga Library System","SOUTH COMMON LIBRARY","43.54219912","-79.68443424"
"419","Mississauga Library System","WOODLANDS LIBRARY","43.56272095","-79.64952322"
"420","Mississauga Library System","STREETSVILLE LIBRARY","43.58373491","-79.71693364"
"421","Mississauga Library System","LAKEVIEW LIBRARY","43.58339793","-79.56326242"
"422","Mississauga Library System","LORNE PARK LIBRARY","43.53100605","-79.62766974"
"423","Mississauga Library System","BURNHAMTHORPE LIBRARY","43.62100671","-79.60304373"
"424","Bibliotheque de Montreal","Bibliotheque d'Ahuntsic","45.5539209","-73.6637745"
"425","Bibliotheque de Montreal","Bibliotheque de Belleville","45.5819491","-73.6421957"
"426","Bibliotheque de Montreal","Bibliotheque Benny","45.4653268","-73.627692"
"427","Bibliotheque de Montreal","Bibliotheque du Boise","45.5028475","-73.7057204"
"428","Bibliotheque de Montreal","Bibliotheque de Cartierville","45.5271112","-73.7129921"
"429","Bibliotheque de Montreal","Bibliotheque Yves-Ryan","45.5965109","-73.6314167"
"430","Bibliotheque de Montreal","Bibliotheque de Cote-des-Neiges","45.4960623","-73.6221181"
"431","Bibliotheque de Montreal","Bibliotheque de la Maison culturelle et communautaire de Montreal-Nord","45.6163039","-73.6206732"
"432","Bibliotheque de Montreal","Bibliotheque Frontenac","45.5330176","-73.5526127"
"433","Bibliotheque de Montreal","Bibliotheque Georges-Vanier","45.4835213","-73.5751332"
"434","Bibliotheque de Montreal","Bibliotheque du Haut-Anjou","45.6012889","-73.575989"
"435","Bibliotheque de Montreal","Bibliotheque Henri-Bourassa","45.6046707","-73.6251967"
"436","Bibliotheque de Montreal","Bibliotheque d'Hochelaga","45.5427901","-73.5455177"
"437","Bibliotheque de Montreal","Bibliotheque de l'Ile des Soeurs","45.4571408","-73.5466571"
"438","Bibliotheque de Montreal","Bibliotheque de L'Ie-Bizard","45.489477","-73.8825461"
"439","Bibliotheque de Montreal","Bibliotheque interculturelle","45.5032432","-73.6369045"
"440","Bibliotheque de Montreal","Bibliotheque Jean-Corbeil","45.6029584","-73.5584036"
"441","Bibliotheque de Montreal","Bibliotheque de La Petite-Patrie","45.5473848","-73.5982557"
"442","Bibliotheque de Montreal","Bibliotheque Langelier","45.5817147","-73.5440686"
"443","Bibliotheque de Montreal","Bibliotheque Le Prevost","45.5438869","-73.6145768"
"444","Bibliotheque de Montreal","Bibliotheque Maisonneuve","45.5510555","-73.5407215"
"445","Bibliotheque de Montreal","Bibliotheque Marc-Favreau","45.5317427","-73.5978095"
"446","Bibliotheque de Montreal","Bibliotheque Marie-Uguay","45.4577169","-73.5955531"
"447","Bibliotheque de Montreal","Bibliotheque de Mercier","45.5957371","-73.5233452"
"448","Bibliotheque de Montreal","Bibliotheque Mordecai-Richler","45.5219052","-73.6015691"
"449","Bibliotheque de Montreal","Bibliotheque de Notre-Dame-de-GrÃ¢ce","45.47551","-73.614579"
"450","Bibliotheque de Montreal","Bibliotheque L'Octogone","45.4243396","-73.6234491"
"451","Bibliotheque de Montreal","Bibliotheque de Parc-Extension","45.5311737","-73.6284967"
"452","Bibliotheque de Montreal","Bibliotheque Pere-Ambroise","45.5227892","-73.5626701"
"453","Bibliotheque de Montreal","Bibliotheque de Pierrefonds","45.4951911","-73.8471715"
"454","Bibliotheque de Montreal","Bibliotheque du Plateau-Mont-Royal","45.5248239","-73.5823694"
"455","Bibliotheque de Montreal","Bibliotheque de Pointe-aux-Trembles","45.6677173","-73.4944049"
"456","Bibliotheque de Montreal","Bibliotheque de Riviere-des-Prairies","45.6496356","-73.5788179"
"457","Bibliotheque de Montreal","Bibliotheque Robert-Bourassa","45.517746","-73.6085011"
"458","Bibliotheque de Montreal","Bibliotheque de Rosemont","45.5515175","-73.5820184"
"459","Bibliotheque de Montreal","Bibliotheque de Roxboro","45.5041334","-73.8133091"
"460","Bibliotheque de Montreal","Bibliotheque de Saint-Charles","45.4788404","-73.5643984"
"461","Bibliotheque de Montreal","Bibliotheque de Saint-Henri","45.4726771","-73.588888"
"462","Bibliotheque de Montreal","Bibliotheque du Vieux-Saint-Laurent","45.5126898","-73.6765622"
"463","Bibliotheque de Montreal","Bibliotheque de Saint-Leonard","45.586646","-73.5971925"
"464","Bibliotheque de Montreal","Bibliotheque de Saint-Michel","45.562238","-73.6023914"
"465","Bibliotheque de Montreal","Bibliotheque de Saint-Pierre","45.445771","-73.651088"
"466","Bibliotheque de Montreal","Bibliotheque De Salaberry","45.5347082","-73.703999"
"467","Bibliotheque de Montreal","Bibliotheque Saul-Bellow","45.4449735","-73.6709621"
"468","Bibliotheque de Montreal","Bibliotheque Jacqueline-De Repentigny","45.4482057","-73.5770269"
"469","Bibliotheque et Archives Nationales du Quebec","Grande Bibliotheque - Bibliotheque et Archives nationales du Quebec","45.5154553","-73.5623129"
"470","Okanagan Regional Library District","Enderby Branch","50.550263","-119.13802"
"471","Okanagan Regional Library District","Keremeos Branch","49.205148","-119.824315"
"472","Okanagan Regional Library District","Armstrong Branch","50.447099","-119.184194"
"473","Okanagan Regional Library District","Cherryville Branch","50.243805","-118.650473"
"474","Okanagan Regional Library District","Falkland Branch","50.500371","-119.559925"
"475","Okanagan Regional Library District","Golden Branch","51.297745","-116.964029"
"476","Okanagan Regional Library District","Hedley Branch","49.356002","-120.077808"
"477","Okanagan Regional Library District","Kaleden Branch","49.390167","-119.595589"
"478","Okanagan Regional Library District","Kelowna Branch","49.88967","-119.493544"
"479","Okanagan Regional Library District","Lumby Branch","50.251508","-118.961189"
"480","Okanagan Regional Library District","Mission","49.83498","-119.482978"
"481","Okanagan Regional Library District","Naramata Branch","49.596712","-119.600313"
"482","Okanagan Regional Library District","Okanagan Falls Branch","49.345502","-119.577837"
"483","Okanagan Regional Library District","Lake Country Branch","50.030339","-119.40189"
"484","Okanagan Regional Library District","North Shuswap","50.910819","-119.4564"
"485","Okanagan Regional Library District","Oliver Branch","49.183","-119.549147"
"486","Okanagan Regional Library District","Osoyoos Branch","49.029649","-119.465142"
"487","Okanagan Regional Library District","Oyama Branch","50.109279","-119.375895"
"488","Okanagan Regional Library District","Peachland Branch","49.785926","-119.717785"
"489","Okanagan Regional Library District","Princeton Branch","49.459208","-120.508549"
"490","Okanagan Regional Library District","Revelstoke Branch","50.99883","-118.198969"
"491","Okanagan Regional Library District","Rutland","49.888972","-119.391389"
"492","Okanagan Regional Library District","Salmon Arm Branch","50.6926","-119.298671"
"493","Okanagan Regional Library District","Sicamous Branch","50.391909","-119.22017"
"494","Okanagan Regional Library District","Silver Creek","50.692675","-119.332208"
"495","Okanagan Regional Library District","South Shuswap Branch","50.788946","-119.082322"
"496","Okanagan Regional Library District","Summerland Branch","49.600772","-119.678358"
"497","Okanagan Regional Library District","Vernon Branch","50.265328","-119.271476"
"498","Okanagan Regional Library District","Westbank Branch","49.840048","-119.629779"
"499","Richmond Public Library","Brighouse (Main) Branch","49.16293","-123.142625"
"500","Richmond Public Library","Ironwood Branch","49.133322","-123.095352"
"501","Richmond Public Library","Steveston Branch","49.125177","-123.178441"
"502","Richmond Public Library","Cambie Branch","49.184558","-123.095055"
"503","Surrey Public Library","City Centre","49.19131","-122.849808"
"504","Surrey Public Library","Cloverdale","49.107276","-122.760497"
"505","Surrey Public Library","Fleetwood","49.155404","-122.779226"
"506","Surrey Public Library","Guildford","49.193243","-122.803609"
"507","Surrey Public Library","Newton","49.129975","-122.838988"
"508","Surrey Public Library","Ocean Park","49.033003","-122.8656"
"509","Surrey Public Library","Port Kells","49.16281","-122.790169"
"510","Surrey Public Library","Semiahmoo Library","49.035002","-122.801187"
"511","Surrey Public Library","Strawberry Hill","49.136445","-122.884575"
"512","Vancouver Island Regional Library","Headquarters","49.234736","-124.038734"
"513","Vancouver Island Regional Library","Bella Coola Branch","52.37201","-126.757864"
"514","Vancouver Island Regional Library","Bowser Branch","49.435724","-124.67665"
"515","Vancouver Island Regional Library","Campbell River Branch","50.027378","-125.245379"
"516","Vancouver Island Regional Library","Chemainus Branch","48.922375","-123.718821"
"517","Vancouver Island Regional Library","Comox Branch","49.671709","-124.923911"
"518","Vancouver Island Regional Library","Cortes Island Branch","50.067433","-124.982959"
"519","Vancouver Island Regional Library","Courtenay Branch","49.690244","-124.997863"
"520","Vancouver Island Regional Library","Cowichan Branch","48.7821","-123.704142"
"521","Vancouver Island Regional Library","Cowichan Lake Branch","48.82478","-124.05367"
"522","Vancouver Island Regional Library","Cumberland Branch","49.619054","-125.028427"
"523","Vancouver Island Regional Library","Gabriola Island Branch","49.049587","-124.176893"
"524","Vancouver Island Regional Library","Gold River Branch","49.78481","-126.054164"
"525","Vancouver Island Regional Library","Hornby Island Branch","49.53205","-124.664679"
"526","Vancouver Island Regional Library","Ladysmith Branch","48.995162","-123.820195"
"527","Vancouver Island Regional Library","Masset Branch","54.013335","-132.151854"
"528","Vancouver Island Regional Library","Nanaimo Harbourfront Branch","49.165401","-123.936855"
"529","Vancouver Island Regional Library","Nanaimo North","50.217","-126.59"
"530","Vancouver Island Regional Library","Nanaimo Wellington Branch","49.20783","-124.004216"
"531","Vancouver Island Regional Library","Parksville Branch","49.31833","-124.312432"
"532","Vancouver Island Regional Library","Port Alberni Branch","49.233985","-124.807574"
"533","Vancouver Island Regional Library","Port Alice Branch","50.42545","-127.486774"
"534","Vancouver Island Regional Library","Port Clements Branch","53.68779","-132.16135"
"535","Vancouver Island Regional Library","Port Hardy Branch","50.721093","-127.492257"
"536","Vancouver Island Regional Library","Port McNeill Branch","50.589665","-127.08667"
"537","Vancouver Island Regional Library","Port Renfrew Branch","48.576422","-124.40907"
"538","Vancouver Island Regional Library","Quadra Island Branch","50.101533","-125.213598"
"539","Vancouver Island Regional Library","Qualicum Beach Branch","49.347486","-124.444331"
"540","Vancouver Island Regional Library","Queen Charlotte Branch","53.266063","-132.12209"
"541","Vancouver Island Regional Library","Sandspit Branch","53.23702","-131.844091"
"542","Vancouver Island Regional Library","Sayward Branch","50.378652","-125.95894"
"543","Vancouver Island Regional Library","Sidney/North Saanich Branch","48.655232","-123.402751"
"544","Vancouver Island Regional Library","Sointula Branch","50.641414","-127.028812"
"545","Vancouver Island Regional Library","Sooke Branch","48.379663","-123.7192"
"546","Vancouver Island Regional Library","South Cowichan Branch","48.6526","-123.5587"
"547","Vancouver Island Regional Library","Tahsis Branch","49.923965","-126.661451"
"548","Vancouver Island Regional Library","Tofino Branch","49.153938","-125.907328"
"549","Vancouver Island Regional Library","Ucluelet Branch","48.945053","-125.558933"
"550","Vancouver Island Regional Library","Union Bay Branch","49.618","-124.89"
"551","Vancouver Island Regional Library","Woss Branch","50.217","-126.59"
"552","Vancouver Public Library","Britannia Branch","49.274931","-123.070318"
"553","Vancouver Public Library","Carnegie Branch","49.281272","-123.099827"
"554","Vancouver Public Library","Champlain Heights Branch","49.218627","-123.041505"
"555","Vancouver Public Library","Collingwood Branch","49.236137","-123.04283"
"556","Vancouver Public Library","Dunbar Branch","49.245986","-123.1853"
"557","Vancouver Public Library","Firehall Branch","49.262674","-123.137671"
"558","Vancouver Public Library","Fraserview Branch","49.219808","-123.067061"
"559","Vancouver Public Library","Hastings Branch","49.281101","-123.050147"
"560","Vancouver Public Library","Joe Fortes Branch","49.290776","-123.136434"
"561","Vancouver Public Library","Kensington Branch","49.249333","-123.076218"
"562","Vancouver Public Library","Kerrisdale Branch","49.233618","-123.156225"
"563","Vancouver Public Library","Kitsilano Branch","49.26465","-123.16854"
"564","Vancouver Public Library","Marpole Branch","49.210001","-123.14029"
"565","Vancouver Public Library","Mount Pleasant Branch","49.264073","-123.100364"
"566","Vancouver Public Library","neca?mat ct Strathcona Branch","49.25454615","-123.1072302"
"567","Vancouver Public Library","Oakridge Branch","49.233625","-123.12042"
"568","Vancouver Public Library","Renfrew Branch","49.250885","-123.04287"
"569","Vancouver Public Library","South Hill Branch","49.2296","-123.090547"
"570","Vancouver Public Library","Strathcona Branch","49.280215","-123.091958"
"571","Vancouver Public Library","Terry Salman Branch","49.254571","-123.107211"
"572","Vancouver Public Library","West Point Grey Branch","49.26388","-123.20762"
"573","Vancouver Public Library","Central Library","49.280404","-123.115175"
"574","Vancouver Public Library","Accessible Services","49.279222","-123.11624"
"575","Brampton Library","Mount Pleasant Branch","43.676937","-79.823416"
"576","Brampton Library","Gore Meadows Branch","43.792578","-79.694926"
"577","Brampton Library","Chinguacousy Branch","43.718339","-79.719195"
"578","Brampton Library","Cyril Clark Branch","43.726905","-79.799146"
"579","Brampton Library","South Fletcher Branch","43.650525","-79.736328"
"580","Brampton Library","Four Corners Branch","43.68693","-79.757029"
"581","Brampton Library","Springdale Branch","43.758314","-79.760599"
"582","Ottawa Public","Alta Vista","45.378317","-75.661211"
"583","Ottawa Public","Beaverbrook","45.322052","-75.895177"
"584","Ottawa Public","Blackburn Hamlet","45.429705","-75.565681"
"585","Ottawa Public","Carlingwood","45.373674","-75.772212"
"586","Ottawa Public","Carp","45.352492","-76.044638"
"587","Ottawa Public","Centennial","45.321481","-75.826285"
"588","Ottawa Public","Constance Bay","45.498045","-76.095793"
"589","Ottawa Public","Cumberland","45.4722","-75.49367"
"590","Ottawa Public","Elmvale Acres","45.399595","-75.623124"
"591","Ottawa Public","Emerald Plaza","45.355327","-75.735648"
"592","Ottawa Public","Fitzroy Harbour","45.47056","-76.205657"
"593","Ottawa Public","Greely","45.26242","-75.55672"
"594","Ottawa Public","Greenboro","45.363876","-75.634689"
"595","Ottawa Public","Hazeldean","45.29557","-75.886903"
"596","Ottawa Public","Main","45.420272","-75.695356"
"597","Ottawa Public","Manotick","45.230717","-75.678785"
"598","Ottawa Public","Metcalfe","45.230687","-75.469465"
"599","Ottawa Public","Munster","45.166305","-75.939023"
"600","Ottawa Public","Nepean Centrepointe","45.345917","-75.762084"
"601","Ottawa Public","North Gloucester","45.439478","-75.601408"
"602","Ottawa Public","North Gower","45.133966","-75.717688"
"603","Ottawa Public","OrlÃ©ans","45.457331","-75.524869"
"604","Ottawa Public","Osgoode","45.149146","-75.602481"
"605","Ottawa Public","Richmond","45.191927","-75.844223"
"606","Ottawa Public","Rideau","45.43097","-75.68284"
"607","Ottawa Public","Rockcliffe Park","45.451837","-75.678871"
"608","Ottawa Public","Rosemount","45.402292","-75.725863"
"609","Ottawa Public","Ruth E. Dickinson","45.281409","-75.758564"
"610","Ottawa Public","St-Laurent","45.436511","-75.646791"
"611","Ottawa Public","Stittsville","45.255072","-75.915506"
"612","Ottawa Public","Sunnyside","45.396552","-75.684106"
"613","Ottawa Public","Vanier","45.445033","-75.66016"
"614","Oshawa Public Libraries","Jess Hann Branch","43.869986","-78.851216"
"615","Oshawa Public Libraries","Jess Hann Branch","43.869986","-78.851216"
"616","Oshawa Public Libraries","Legends Branch","43.947945","-78.85311807"
"617","Oshawa Public Libraries","McLaughlin Branch","43.895251","-78.864797"
"618","Oshawa Public Libraries","McLaughlin Branch","43.895156","-78.864997"
"619","Oshawa Public Libraries","Northview Branch","43.930174","-78.86765"
"620","Pickering Public Library","Claremont Library Branch","43.970346","-79.12844815"
"621","Pickering Public Library","George Ashe Library","43.812406","-79.125105"
"622","Pickering Public Library","George Ashe Community Centre","43.812701","-79.12573982"
"623","Pickering Public Library","Pickering Central Library","43.837417","-79.08352846"
"624","Fraser Valley Regional Library","Abbotsford Community Library","49.055028","-122.328655"
"625","Fraser Valley Regional Library","Agassiz Library","49.243554","-121.992562"
"626","Fraser Valley Regional Library","Aldergrove Library","49.055541","-122.481863"
"627","Fraser Valley Regional Library","Boston Bar Library","49.860949","-121.440379"
"628","Fraser Valley Regional Library","Brookswood Library","49.074725","-122.668615"
"629","Fraser Valley Regional Library","Chilliwack Library","49.168253","-121.955032"
"630","Fraser Valley Regional Library","Clearbrook Library","49.052125","-122.345235"
"631","Fraser Valley Regional Library","Fort Langley Library","49.169014","-122.579297"
"632","Fraser Valley Regional Library","George Mackie Library","49.156793","-122.912391"
"633","Fraser Valley Regional Library","Hope Library","49.377998","-121.431461"
"634","Fraser Valley Regional Library","Ladner Pioneer Library","49.087117","-123.08266"
"635","Fraser Valley Regional Library","Langley City Library","49.103549","-122.65676"
"636","Fraser Valley Regional Library","Maple Ridge Public Library","49.22046","-122.600057"
"637","Fraser Valley Regional Library","Mission Library","49.135283","-122.303564"
"638","Fraser Valley Regional Library","Mount Lehman Library","49.109047","-122.381877"
"639","Fraser Valley Regional Library","Muriel Arnason Library","49.12069","-122.656765"
"640","Fraser Valley Regional Library","Murrayville Library","49.089422","-122.612315"
"641","Fraser Valley Regional Library","Pitt Meadows Public Library","49.221363","-122.68959"
"642","Fraser Valley Regional Library","Sardis Library","49.10726","-121.977412"
"643","Fraser Valley Regional Library","Terry Fox Library","49.260305","-122.778532"
"644","Fraser Valley Regional Library","Tsawwassen Library","49.026996","-123.068683"
"645","Fraser Valley Regional Library","Walnut Grove Library","49.163691","-122.640499"
"646","Fraser Valley Regional Library","White Rock Library","49.023902","-122.796236"
"647","Fraser Valley Regional Library","Yale Library","49.56175","-121.431384"
"648","Fraser Valley Regional Library","Yarrow Library","49.086416","-122.052378"
"649","Greater Victoria Public Library","Langford Heritage Branch","48.4457","-123.533998"
"650","Greater Victoria Public Library","Greater Victoria Public Central Library","48.42369","-123.36447"
"651","Greater Victoria Public Library","Bruce Hutchison Branch","48.500968","-123.386514"
"652","Greater Victoria Public Library","Central Saanich Branch","48.576061","-123.449061"
"653","Greater Victoria Public Library","Emily Carr Branch","48.455637","-123.372717"
"654","Greater Victoria Public Library","Esquimalt Branch","48.429873","-123.409324"
"655","Greater Victoria Public Library","Juan de Fuca Branch","48.447522","-123.465822"
"656","Greater Victoria Public Library","Nellie McClung Branch","48.468443","-123.335387"
"657","Greater Victoria Public Library","Oak Bay Branch","48.425795","-123.314091"
"658","Greater Victoria Public Library","Saanich Centennial Branch","48.45227","-123.395259"
"659","Greater Victoria Public Library","Goudy Branch","48.448365","-123.497972"
"660","Burlington Public Library","Central","43.335841","-79.79004621"
"661","Burlington Public Library","Alton","43.39823","-79.81878703"
"662","Burlington Public Library","Tansley Wood","43.382232","-79.80115726"
"663","Burlington Public Library","Appleby","43.371363","-79.76205729"
"664","Burlington Public Library","Brant Hills","43.361298","-79.84616006"
"665","Burlington Public Library","Kilbride","43.427508","-79.93653405"
"666","Burlington Public Library","Aldershot","43.32011","-79.83457955"
"667","Library and Archives Canada","Library and Archives Canada","45.420083","-75.707917"
"668","Oakville Public Library","Central","43.444367","-79.671665"
"669","Oakville Public Library","Glen Abbey","43.435737","-79.739146"
"670","Oakville Public Library","Iroquois Ridge","43.488136","-79.700986"
"671","Oakville Public Library","White Oaks","43.463439","-79.701822"
"672","Oakville Public Library","Clearview","43.501523","-79.661393"
"673","Oakville Public Library","Woodside","43.417303","-79.698343"
"674","Oakville Public Library","Sixteen Mile","43.466091","-79.749305"
